"Reference","Qty","Value","DNP","Exclude from BOM","Exclude from Board","Footprint","Datasheet","Manufacturer","Part Number","Link"
"C1,C2,C3,C13,C15","5","4.7u","","","","Capacitor_SMD:C_0603_1608Metric","","Samsung Electro-Mechanics","C1705,C368809","https://www.lcsc.com/product-detail/C1705.html?s_z=n_q_t_capacitor&spm=wm.fly.bg.4.xh___wm.ssy.tc.0.tz&lcsc_vid=EQBWAwJfEgMNA1FWQwMKA1FWFlYLUAVTTwdbVQEDE1UxVlNeQFRdVlJURlVXVzsOAxUeFF5JWBYZEEoKFBINSQcJGk4eFQsCAgIaFA%3D%3D,https://www.lcsc.com/product-detail/C368809.html?s_z=n_q_t_capacitor&spm=wm.fly.bg.0.xh___wm.ssy.tc.0.tz&lcsc_vid=EQBWAwJfEgMNA1FWQwMKA1FWFlYLUAVTTwdbVQEDE1UxVlNeQFRdVlJURlVXVzsOAxUeFF5JWBYZEEoKFBINSQcJGk4eFQsCAgIaFA%3D%3D"
"C4,C6,C7,C8,C9,C10,C11,C12,C14,C20","10","100n","","","","Capacitor_SMD:C_0402_1005Metric","","Walsin","C152819","https://www.lcsc.com/product-detail/C152819.html?s_z=n_q_t_capacitor&spm=wm.fly.bg.27.xh___wm.ssy.tc.0.tz&lcsc_vid=EQBWAwJfEgMNA1FWQwMKA1FWFlYLUAVTTwdbVQEDE1UxVlNeQFRdVlJURlVXVzsOAxUeFF5JWBYZEEoKFBINSQcJGk4eFQsCAgIaFA%3D%3D"
"C5","1","100p","","","","Capacitor_SMD:C_0402_1005Metric","","YAGEO","C106200","https://www.lcsc.com/product-detail/C106200.html?s_z=n_q_t_capacitor&spm=wm.fly.bg.8.xh___wm.ssy.tc.0.tz&lcsc_vid=EQBWAwJfEgMNA1FWQwMKA1FWFlYLUAVTTwdbVQEDE1UxVlNeQFRdVlJURlVXVzsOAxUeFF5JWBYZEEoKFBINSQcJGk4eFQsCAgIaFA%3D%3D"
"C16,C17","2","13p","","","","Capacitor_SMD:C_0402_1005Metric","","muRata","C161306","https://www.lcsc.com/product-detail/C161306.html?s_z=n_q_t_capacitor&spm=wm.fly.bg.1.xh___wm.ssy.tc.0.tz&lcsc_vid=EQBWAwJfEgMNA1FWQwMKA1FWFlYLUAVTTwdbVQEDE1UxVlNeQFRdVlJURlVXVzsOAxUeFF5JWBYZEEoKFBINSQcJGk4eFQsCAgIaFA%3D%3D"
"C18","1","0.8p","","","","Capacitor_SMD:C_0402_1005Metric","","muRata","C88902","https://www.lcsc.com/product-detail/C88902.html?s_z=n_q_t_capacitor&spm=wm.fly.bg.0.xh___wm.ssy.tc.0.tz&lcsc_vid=EQBWAwJfEgMNA1FWQwMKA1FWFlYLUAVTTwdbVQEDE1UxVlNeQFRdVlJURlVXVzsOAxUeFF5JWBYZEEoKFBINSQcJGk4eFQsCAgIaFA%3D%3D"
"C19","1","0.3p","","","","Capacitor_SMD:C_0402_1005Metric","","muRata","C76909","https://www.lcsc.com/product-detail/C76909.html?s_z=n_q_t_capacitor&spm=wm.fly.bg.0.xh___wm.ssy.tc.0.tz&lcsc_vid=EQBWAwJfEgMNA1FWQwMKA1FWFlYLUAVTTwdbVQEDE1UxVlNeQFRdVlJURlVXVzsOAxUeFF5JWBYZEEoKFBINSQcJGk4eFQsCAgIaFA%3D%3D"
"D1","1","LED","","","","LED_SMD:LED_0402_1005Metric","","YONGYUTAI","C21260817","https://www.lcsc.com/product-detail/C21260817.html?s_z=n_q_t_led&spm=wm.fly.bg.9.xh___wm.ssy.tc.0.tz&lcsc_vid=EQBWAwJfEgMNA1FWQwMKA1FWFlYLUAVTTwdbVQEDE1UxVlNeQFRdVlBSRFhWUzsOAxUeFF5JWBYZEEoKFBINSQcJGk4eFQsCAgIaSgADAwAHC0slQlJfVFJSWQkaCgg%3D"
"FLT1","1","DLF162500LT-5028A1","","","","CustomFootprints:DLF162500LT-5028A1","https://product.tdk.com/en/system/files/dam/doc/product/rf/rf/filter/catalog/rf_lpf_dlf162500lt-5028a1_en.pdf","TDK","C531364","https://www.lcsc.com/product-detail/C531364.html?s_z=n_q_DLF162500LT-5028A1&spm=wm.fly.bg.0.xh&lcsc_vid=EQBWAwJfEgMNA1FWQwMKA1FWFlYLUAVTTwdbVQEDE1UxVlNeQFRdVlBWQVBWUDsOAxUeFF5JWBYZEEoKFBINSQcJGk4eFQsCAgIaSgADAwAHC0slRVlXU1xfQE8GEwkK"
"J1","1","USB_C_Receptacle_USB2.0_16P","","","","Connector_USB:USB_C_Receptacle_HCTL_HC-TYPE-C-16P-01A","https://www.usb.org/sites/default/files/documents/usb_type-c.zip","HCTL","C2894897","https://www.lcsc.com/product-detail/C2894897.html?spm=wm.fly.bg.3.xh___wm.fly.tp.2.ml&lcsc_vid=EQBWAwJfEgMNA1FWQwMKA1FWFlYLUAVTTwdbVQEDE1UxVlNeQFRdVlRTQ1hcUjsOAxUeFF5JWBYZEEoKFBINSQcJGk4NBhADEA4cHkteQ1NADxALGw%3D%3D"
"J2","1","Conn_01x06_Socket","","","","Connector_PinHeader_1.27mm:PinHeader_1x06_P1.27mm_Vertical","","hanxia","HX PM1.27-1x6P ZC","https://www.lcsc.com/product-detail/C22438072.html?spm=wm.fly.bg.0.xh___wm.fly.tp.5.ml&lcsc_vid=EQBWAwJfEgMNA1FWQwMKA1FWFlYLUAVTTwdbVQEDE1UxVlNeQFRdV1xeQFRdUDsOAxUeFF5JWBYZEEoKFBINSQcJGk4NBhADEA4cHktRTlJADxALGw%3D%3D"
"J3","1","Conn_01x04_Socket","","","","Connector_PinHeader_1.27mm:PinHeader_1x04_P1.27mm_Vertical","","Hong Cheng","C42163122","https://www.lcsc.com/product-detail/C42163122.html?spm=wm.fly.bg.0.xh___wm.fly.tp.5.ml&lcsc_vid=EQBWAwJfEgMNA1FWQwMKA1FWFlYLUAVTTwdbVQEDE1UxVlNeQFRdV1xeQFRdUDsOAxUeFF5JWBYZEEoKFBINSQcJGk4NBhADEA4cHktRTlJADxALGw%3D%3D"
"J4","1","Conn_Coaxial","","","","Connector_Coaxial:U.FL_Hirose_U.FL-R-SMT-1_Vertical","","HRS","C598199","https://www.lcsc.com/product-detail/C598199.html?s_z=s_undefined_U.FL-R-SMT-1%2801%29&spm=wm.fly.bg.0.xh&lcsc_vid=EQBWAwJfEgMNA1FWQwMKA1FWFlYLUAVTTwdbVQEDE1UxVlNeQFRdV1JVRVBWUDsOAxUeFF5JWBYZEEoKFBINSQcJGk4dAgUUFAk%3D"
"L1","1","10n","","","","Inductor_SMD:L_0402_1005Metric","","muRata","C184029","https://www.lcsc.com/product-detail/C184029.html?s_z=n_q_t_inductor&spm=wm.fly.bg.0.xh___wm.ssy.tc.0.tz&lcsc_vid=EQBWAwJfEgMNA1FWQwMKA1FWFlYLUAVTTwdbVQEDE1UxVlNeQFRdV1ZRR1dcVjsOAxUeFF5JWBYZEEoKFBINSQcJGk4NBhADEA4cHktXRlhXSQwSGg0%3D"
"L2","1","10u","","","","Inductor_SMD:L_0805_2012Metric","","HYHONGYEX","C963809","https://www.lcsc.com/product-detail/C963809.html?s_z=n_q_C963809&globalKeyword=C963809"
"L3","1","2.7n","","","","Inductor_SMD:L_0402_1005Metric","","muRata","C77108","https://www.lcsc.com/product-detail/C77108.html?s_z=s_p_LQG15HS2N7S02D&spm=wm.fly.bg.0.xh&lcsc_vid=EQBWAwJfEgMNA1FWQwMKA1FWFlYLUAVTTwdbVQEDE1UxVlNeQFRdV1BXTlBfVzsOAxUeFF5JWBYZEEoKFBINSQcJGk4dAgUUFAk%3D"
"R1,R2,R8","3","5.1k","","","","Resistor_SMD:R_0402_1005Metric","","YAGEO","C105872","https://www.lcsc.com/product-detail/C105872.html?s_z=n_q_t_resistor&spm=wm.fly.bg.0.xh___wm.ssy.tc.0.tz&lcsc_vid=EQBWAwJfEgMNA1FWQwMKA1FWFlYLUAVTTwdbVQEDE1UxVlNeQFRdV1RVRVRbVjsOAxUeFF5JWBYZEEoKFBINSQcJGk4dAgUUFAk%3D"
"R3,R4,R5,R9","4","220R","","","","Resistor_SMD:R_0402_1005Metric","","UNI-ROYAL","C25091","https://www.lcsc.com/product-detail/C25091.html?s_z=n_q_t_resistor&spm=wm.fly.bg.0.xh___wm.ssy.tc.0.tz&lcsc_vid=EQBWAwJfEgMNA1FWQwMKA1FWFlYLUAVTTwdbVQEDE1UxVlNeQFRdV1RVRVRbVjsOAxUeFF5JWBYZEEoKFBINSQcJGk4dAgUUFAk%3D"
"SW1","1","SW_Push","","","","CustomFootprints:SMD,4x3mm","","hanxia","C49234124","https://www.lcsc.com/product-detail/C49234124.html?s_z=n_q_t_tactile&spm=wm.fly.bg.0.xh___wm.ssy.tc.0.tz&lcsc_vid=EQBWAwJfEgMNA1FWQwMKA1FWFlYLUAVTTwdbVQEDE1UxVlNeQFRcUF1TQVJYVDsOAxUeFF5JWBYZEEoKFBINSQcJGk4dAgUUFAk%3D"
"U1","1","TLV70033_SOT23-5","","","","Package_TO_SOT_SMD:SOT-23-5","http://www.ti.com/lit/ds/symlink/tlv700.pdf","TI","C11337","https://www.lcsc.com/product-detail/C11337.html?s_z=n_q_t_ldo&spm=wm.fly.bg.0.xh___wm.ssy.tc.0.tz&lcsc_vid=EQBWAwJfEgMNA1FWQwMKA1FWFlYLUAVTTwdbVQEDE1UxVlNeQFRcXldTTlFfUTsOAxUeFF5JWBYZEEoKFBINSQcJGk4%3D"
"U2","1","USBLC6-2SC6","","","","Package_TO_SOT_SMD:SOT-23-6","https://www.st.com/resource/en/datasheet/usblc6-2.pdf","ST","C7519","https://www.lcsc.com/product-detail/C7519.html?s_z=n_q_USBLC6-2SC6&spm=wm.fly.bg.0.xh&lcsc_vid=EQBWAwJfEgMNA1FWQwMKA1FWFlYLUAVTTwdbVQEDE1UxVlNeQFRcUFJRRlJbUjsOAxUeFF5JWBYZEEoKFBINSQcJGk4eFQsCAgIaSgADAwAHC0slTlBfVldTWQkaCgg%3D"
"U3","1","STM32WB55CEU6","","","","Package_DFN_QFN:QFN-48-1EP_7x7mm_P0.5mm_EP5.6x5.6mm","https://www.st.com/resource/en/datasheet/stm32wb55ce.pdf","ST","C911135","https://www.lcsc.com/product-detail/C911135.html?s_z=n_q_STM32WB55CEU6&spm=wm.fly.bg.0.xh&lcsc_vid=EQBWAwJfEgMNA1FWQwMKA1FWFlYLUAVTTwdbVQEDE1UxVlNeQFRcUFBfRVhZUTsOAxUeFF5JWBYZEEoKFBINSQcJGk4MFQUIE0wKAhAHHg1BVl1RWQkaCgg%3D"
"X1","1","32.768kHz","","","","Crystal:Crystal_SMD_2012-2Pin_2.0x1.2mm","","NSX","C54930595","https://www.lcsc.com/product-detail/C54930595.html?s_z=n_q_NSK%2520NXPC32.768KAE125F-BT-5&spm=wm.fly.bg.0.xh&lcsc_vid=EQBWAwJfEgMNA1FWQwMKA1FWFlYLUAVTTwdbVQEDE1UxVlNeQFRcUFBQQ1VdVzsOAxUeFF5JWBYZEEoKFBINSQcJGk4eFQsCAgIaSgADAwAHC0slT1VdVVJWWQkaCgg%3D"
"X2","1","32MHz","","","","Crystal:Crystal_SMD_2016-4Pin_2.0x1.6mm","","NDK","C843260","https://www.lcsc.com/product-detail/C843260.html?s_z=n_q_NDK%2520NX2016SA-32MHZ-STD-CZS-5&spm=wm.fly.bg.0.xh&lcsc_vid=EQBWAwJfEgMNA1FWQwMKA1FWFlYLUAVTTwdbVQEDE1UxVlNeQFRcUFdRRFNYUzsOAxUeFF5JWBYZEEoKFBINSQcJGk4NBhADEA4cHktXRlRbSQwSGg0%3D"
